{"step": 5000, "epoch": 0, "average_loss": NaN, "step_loss": NaN, "learning_rate": 4.7048326805548024e-05, "_timestamp": 1709696073.6501215, "_runtime": 4255.843946456909, "_step": 9999, "vg_sum": NaN, "damping": 0.03, "kl_clip": 0.001, "_wandb": {"runtime": 4261}}