{"step": 20000, "epoch": 0, "average_loss": 1.4202734796890828, "step_loss": 1.4780917167663574, "learning_rate": 5.0000000000000004e-08, "_timestamp": 1708453203.2149975, "_runtime": 19823.456409454346, "_step": 39999, "vg_sum": 9.623891182101091e-14, "damping": 0.03, "kl_clip": 0.001, "_wandb": {"runtime": 19828}}