{"step": 3200, "epoch": 0, "average_loss": 4.424054919790421, "step_loss": 4.5937323570251465, "learning_rate": 2e-08, "_timestamp": 1707274349.1697626, "_runtime": 3081.7808496952057, "_step": 3199, "_wandb": {"runtime": 3088}}