{"step": 2301, "epoch": 0, "average_loss": 1.4241658441095235, "step_loss": 1.367018461227417, "learning_rate": 2.9618931366318002e-06, "_timestamp": 1707238637.2551203, "_runtime": 2258.90003323555, "_step": 2300, "_wandb": {"runtime": 2259}}