{"step": 401, "epoch": 0, "average_loss": NaN, "step_loss": NaN, "learning_rate": 0.0004998063136460461, "_timestamp": 1709657908.3352933, "_runtime": 558.0035033226013, "_step": 801, "vg_sum": NaN, "damping": 0.03, "kl_clip": 0.001, "_wandb": {"runtime": 558}}