{"step": 36, "epoch": 0, "average_loss": 1.4138090292310739, "step_loss": 1.1391234397888184, "learning_rate": 5.859375e-06, "_timestamp": 1706605202.0378869, "_runtime": 46.23096585273743, "_step": 35, "_wandb": {"runtime": 47}}