{"step": 735, "epoch": 0, "average_loss": 8.523623984229621, "step_loss": 8.285133361816406, "learning_rate": 3.90625e-06, "_timestamp": 1706605018.17355, "_runtime": 394.8763267993927, "_step": 734, "_wandb": {"runtime": 395}}